"","name","institution","course_url","course_id"
"1","Tools for Data Science","IBM","https://www.coursera.org/learn/open-source-tools-for-data-science","open-source-tools-for-data-science"
"2","Introduction to Data Science in Python","University of Michigan","https://www.coursera.org/learn/python-data-analysis","python-data-analysis"
"3","Introduction to Cybersecurity Tools & Cyber Attacks","IBM","https://www.coursera.org/learn/introduction-cybersecurity-cyber-attacks","introduction-cybersecurity-cyber-attacks"
"4","Convolutional Neural Networks","DeepLearning.AI","https://www.coursera.org/learn/convolutional-neural-networks","convolutional-neural-networks"
"5","Natural Language Processing in TensorFlow","DeepLearning.AI","https://www.coursera.org/learn/natural-language-processing-tensorflow","natural-language-processing-tensorflow"
"6","Introduction to HTML5","University of Michigan","https://www.coursera.org/learn/html","html"
"7","Wine Tasting: Sensory Techniques for Wine Analysis","University of California, Davis","https://www.coursera.org/learn/wine","wine"
"8","Introduction to Healthcare","Stanford University","https://www.coursera.org/learn/intro-to-healthcare","intro-to-healthcare"
"9","Instructional Design Foundations and Applications","University of Illinois at Urbana-Champaign","https://www.coursera.org/learn/instructional-design-foundations-applications","instructional-design-foundations-applications"
"10","R Programming","Johns Hopkins University","https://www.coursera.org/learn/r-programming","r-programming"
"11","Japanese for beginners 1","Saint Petersburg State University","https://www.coursera.org/learn/japanese-1","japanese-1"
"12","Behavioral Finance","Duke University","https://www.coursera.org/learn/duke-behavioral-finance","duke-behavioral-finance"
"13","Project Execution","University of California, Irvine","https://www.coursera.org/learn/project-execution","project-execution"
"14","Building Scalable Java Microservices with Spring Boot and Spring Cloud","Google Cloud","https://www.coursera.org/learn/google-cloud-java-spring","google-cloud-java-spring"
"15","Natural Language Processing with Sequence Models","DeepLearning.AI","https://www.coursera.org/learn/sequence-models-in-nlp","sequence-models-in-nlp"
"16","Natural Language Processing with Attention Models","DeepLearning.AI","https://www.coursera.org/learn/attention-models-in-nlp","attention-models-in-nlp"
"17","Data Visualization with Python","IBM","https://www.coursera.org/learn/python-for-data-visualization","python-for-data-visualization"
"18","Introducción a la programación en Python I: Aprendiendo a programar con Python","Pontificia Universidad Católica de Chile","https://www.coursera.org/learn/aprendiendo-programar-python","aprendiendo-programar-python"
"19","Financial Acumen for Non-Financial Managers","University of Pennsylvania","https://www.coursera.org/learn/finance-healthcare-managers","finance-healthcare-managers"
"20","Introduction to Spreadsheets and Models","University of Pennsylvania","https://www.coursera.org/learn/wharton-introduction-spreadsheets-models","wharton-introduction-spreadsheets-models"
"21","Entrepreneurship Strategy: From Ideation to Exit","HEC Paris","https://www.coursera.org/learn/entrepreneurship-strategy","entrepreneurship-strategy"
"22","Mastering Data Analysis in Excel","Duke University","https://www.coursera.org/learn/analytics-excel","analytics-excel"
"23","Building Conversational Experiences with Dialogflow","Google Cloud","https://www.coursera.org/learn/conversational-experiences-dialogflow","conversational-experiences-dialogflow"
"24","Introduction to Economic Theories","Erasmus University Rotterdam","https://www.coursera.org/learn/intro-economic-theories","intro-economic-theories"
"25","Основы программирования на Python","National Research University Higher School of Economics","https://www.coursera.org/learn/python-osnovy-programmirovaniya","python-osnovy-programmirovaniya"
"26","Introduction to Trading, Machine Learning & GCP","New York Institute of Finance","https://www.coursera.org/learn/introduction-trading-machine-learning-gcp","introduction-trading-machine-learning-gcp"
"27","Stochastic processes","National Research University Higher School of Economics","https://www.coursera.org/learn/stochasticprocesses","stochasticprocesses"
"28","Getting Started with Azure","LearnQuest","https://www.coursera.org/learn/cloud-azure-intro","cloud-azure-intro"
"29","Fundamentals of Finance","University of Pennsylvania","https://www.coursera.org/learn/finance-fundamentals","finance-fundamentals"
"30","COVID-19 Contact Tracing For Nursing Professionals","University of Houston","https://www.coursera.org/learn/covid-19-contact-tracing-for-nursing-professionals","covid-19-contact-tracing-for-nursing-professionals"
"31","Epigenetic Control of Gene Expression","The University of Melbourne","https://www.coursera.org/learn/epigenetics","epigenetics"
"32","Recruiting, Hiring, and Onboarding Employees","University of Minnesota","https://www.coursera.org/learn/recruiting-hiring-onboarding-employees","recruiting-hiring-onboarding-employees"
"33","AWS Fundamentals: Addressing Security Risk","Amazon Web Services","https://www.coursera.org/learn/aws-fundamentals-addressing-security-risk","aws-fundamentals-addressing-security-risk"
"34","Ancient Philosophy: Plato & His Predecessors","University of Pennsylvania","https://www.coursera.org/learn/plato","plato"
"35","Spanish for Successful Communication in Healthcare Settings","Rice University","https://www.coursera.org/learn/spanish-in-healthcare-settings","spanish-in-healthcare-settings"
"36","The Introduction to Quantum Computing","Saint Petersburg State University","https://www.coursera.org/learn/quantum-computing-algorithms","quantum-computing-algorithms"
"37","Write Your First Novel","Michigan State University","https://www.coursera.org/learn/write-your-first-novel","write-your-first-novel"
"38","Introduction to Computer Programming","University of London","https://www.coursera.org/learn/introduction-to-computer-programming","introduction-to-computer-programming"
"39","Big Data Essentials: HDFS, MapReduce and Spark RDD","Yandex","https://www.coursera.org/learn/big-data-essentials","big-data-essentials"
"40","Dermatology: Trip to skin","Novosibirsk State University","https://www.coursera.org/learn/dermatology","dermatology"
"41","Social and Economic Networks:  Models and Analysis","Stanford University","https://www.coursera.org/learn/social-economic-networks","social-economic-networks"
"42","Fundamentals of Scalable Data Science","IBM","https://www.coursera.org/learn/ds","ds"
"43","Curanderismo: Traditional Healing Using Plants","University of New Mexico","https://www.coursera.org/learn/curanderismo-plants","curanderismo-plants"
"44","Finance for Non-Financial Managers","Emory University","https://www.coursera.org/learn/finance-for-non-financial-managers","finance-for-non-financial-managers"
"45","Getting Started With Music Theory","Michigan State University","https://www.coursera.org/learn/music-theory","music-theory"
"46","Getting Started with Google Kubernetes Engine","Google Cloud","https://www.coursera.org/learn/google-kubernetes-engine","google-kubernetes-engine"
"47","Legal Tech & Startups","IE Business School","https://www.coursera.org/learn/legal-tech-startups","legal-tech-startups"
"48","Antibiotic Stewardship","Stanford University","https://www.coursera.org/learn/antibiotic-stewardship","antibiotic-stewardship"
"49","Geopolitics of Europe","Sciences Po","https://www.coursera.org/learn/geopolitics-europe","geopolitics-europe"
"50","Mathematics for Machine Learning: PCA","Imperial College London","https://www.coursera.org/learn/pca-machine-learning","pca-machine-learning"
"51","Accounting Data Analytics with Python","University of Illinois at Urbana-Champaign","https://www.coursera.org/learn/accounting-data-analytics-python","accounting-data-analytics-python"
